{"train_loss": 0.09427138129831292, "val_loss": 0.0, "train_prec": 1.0, "val_prec": 1.0, "train_rec": 1.0, "val_rec": 1.0, "_timestamp": 1701363230.0934465, "_runtime": 54.015753507614136, "_step": 0}