{"train_loss": 0.08647103677503765, "val_loss": 0.0, "train_prec": 1.0, "val_prec": 0.34375, "train_rec": 1.0, "val_rec": 0.34375, "_timestamp": 1701362758.8354797, "_runtime": 52.14414072036743, "_step": 0}