{"train_loss": 0.08778499800246209, "val_loss": 0.0, "train_prec": 1.0, "val_prec": 1.0, "train_rec": 1.0, "val_rec": 1.0, "_timestamp": 1701362937.7816546, "_runtime": 52.24738049507141, "_step": 0}