{"train_loss": 0.00528450094134314, "val_loss": 0.0, "_timestamp": 1701361720.3053005, "_runtime": 271.12679839134216, "_step": 4, "_wandb": {"runtime": 272}}