{"train_loss": 0.10552427804420196, "val_loss": 0.0, "train_prec": 0.0, "val_prec": 0.0, "train_rec": 0.0, "val_rec": 0.0, "_timestamp": 1701374050.260182, "_runtime": 376.35964488983154, "_step": 0}