{"train_loss": 0.0009738174351903896, "val_loss": 0.0, "train_prec": 1.0, "val_prec": 1.0, "train_rec": 1.0, "val_rec": 1.0, "_timestamp": 1701367552.5604289, "_runtime": 1102.5727529525757, "_step": 2}