{"train_loss": 0.082620321190916, "val_loss": 0.0, "train_prec": 1.0, "val_prec": 1.0, "train_rec": 1.0, "val_rec": 1.0, "_timestamp": 1701362839.0984473, "_runtime": 52.32079839706421, "_step": 0, "_wandb": {"runtime": 58}}