{"train_loss": 0.09544476622524928, "val_loss": 0.0, "train_prec": 0.0, "val_prec": 0.0, "train_rec": 0.0, "val_rec": 0.0, "_timestamp": 1701374998.1074631, "_runtime": 739.3781020641327, "_step": 1}