{"train_loss": 0.015517738036578521, "val_loss": 0.0, "train_prec": 1.0, "val_prec": 0.34375, "train_rec": 1.0, "val_rec": 0.34375, "_timestamp": 1701362633.862409, "_runtime": 104.89528012275696, "_step": 1, "_wandb": {"runtime": 122}}